{
  "config": {
    "SEED": 42,
    "batch_size": 128,
    "dropout_rate": 0,
    "epochs": 20,
    "image_res": 64,
    "l2_regularization_strength": 0,
    "lambda_contrastive": 10,
    "learning_rate": 0.1,
    "model_name": "efficientnet_b5",
    "num_classes": 200,
    "use_batchNorm": false,
    "use_contrastive": false
  },
  "train_accs": [
    0.00813,
    0.00512,
    0.00499,
    0.00425,
    0.00515,
    0.00566,
    0.00685,
    0.00838,
    0.00863,
    0.01095,
    0.01535,
    0.01795,
    0.01872,
    0.01256,
    0.02695,
    0.03084,
    0.01819,
    0.04691,
    0.05947,
    0.05468
  ],
  "val_accs": [
    0.0072,
    0.0051,
    0.005,
    0.0039,
    0.0052,
    0.0051,
    0.0071,
    0.0089,
    0.0089,
    0.0113,
    0.014,
    0.0158,
    0.0176,
    0.013,
    0.0264,
    0.0282,
    0.0181,
    0.0481,
    0.0579,
    0.0556
  ],
  "Num-Epochs": 20
}