{"config": {"SEED": 42, "batch_size": 128, "dropout_rate": 0.1, "epochs": 20, "image_res": 64, "l2_regularization_strength": 0, "lambda_contrastive": 10, "learning_rate": 0.01, "model_name": "restnet152", "num_classes": 200, "use_batchNorm": false, "use_contrastive": false}, "train_accs": [0.00985, 0.0291, 0.04019, 0.07161, 0.09809, 0.12235, 0.14775, 0.17968, 0.19753, 0.233, 0.26011, 0.28262, 0.30727, 0.34036, 0.34874, 0.39008, 0.40658, 0.43659, 0.46694, 0.50802], "val_accs": [0.0097, 0.0272, 0.0348, 0.0685, 0.0914, 0.1167, 0.1374, 0.1668, 0.1831, 0.2143, 0.2314, 0.2458, 0.2591, 0.2777, 0.281, 0.2983, 0.3004, 0.3063, 0.3151, 0.3281], "Num-Epochs": 20}