{
  "config": {
    "SEED": 42,
    "batch_size": 128,
    "dropout_rate": 0.5,
    "epochs": 20,
    "image_res": 64,
    "l2_regularization_strength": 0,
    "lambda_contrastive": 10,
    "learning_rate": 0.01,
    "model_name": "restnet152",
    "num_classes": 200,
    "use_batchNorm": false,
    "use_contrastive": false
  },
  "train_accs": [
    0.00943,
    0.01587,
    0.02076,
    0.02275,
    0.02763,
    0.02978,
    0.03579,
    0.04018,
    0.03863,
    0.05028,
    0.052,
    0.05798,
    0.06372,
    0.06522,
    0.067,
    0.07571,
    0.07321,
    0.08853,
    0.09586,
    0.09855
  ],
  "val_accs": [
    0.0083,
    0.0173,
    0.0217,
    0.023,
    0.0274,
    0.0275,
    0.0316,
    0.0394,
    0.0373,
    0.0474,
    0.0495,
    0.0563,
    0.0611,
    0.0626,
    0.0643,
    0.0736,
    0.0699,
    0.0834,
    0.0901,
    0.0956
  ],
  "Num-Epochs": 20
}