{"config": {"SEED": 42, "batch_size": 128, "dropout_rate": 0, "epochs": 20, "image_res": 64, "l2_regularization_strength": 0, "lambda_contrastive": 10, "learning_rate": 0.01, "model_name": "efficientnet_b4", "num_classes": 200, "pretrained_efficient_net": true, "use_batchNorm": false, "use_contrastive": false}, "train_accs": [0.38536, 0.39637, 0.46897, 0.45655, 0.55276, 0.43599, 0.51984, 0.61325, 0.58674, 0.49327, 0.29028, 0.49484, 0.50863, 0.57027, 0.65253, 0.48797, 0.0619, 0.17858, 0.30379, 0.35712], "val_accs": [0.345, 0.3415, 0.3956, 0.3718, 0.4331, 0.3503, 0.4098, 0.4479, 0.4215, 0.3536, 0.2492, 0.3821, 0.3917, 0.4035, 0.4304, 0.355, 0.0583, 0.1669, 0.252, 0.2909], "Num-Epochs": 20}