{
  "config": {
    "SEED": 42,
    "batch_size": 128,
    "dropout_rate": 0,
    "epochs": 20,
    "image_res": 64,
    "l2_regularization_strength": 0,
    "lambda_contrastive": 10,
    "learning_rate": 0.01,
    "model_name": "efficientnet_b5",
    "num_classes": 200,
    "use_batchNorm": false,
    "use_contrastive": false
  },
  "train_accs": [
    0.01745,
    0.0265,
    0.03867,
    0.01693,
    0.06025,
    0.05019,
    0.05882,
    0.10634,
    0.12166,
    0.00509,
    0.04502,
    0.1095,
    0.13551,
    0.01568,
    0.06673,
    0.04885,
    0.02441,
    0.04223,
    0.05617,
    0.06389
  ],
  "val_accs": [
    0.0171,
    0.0266,
    0.0391,
    0.0174,
    0.0581,
    0.045,
    0.055,
    0.0969,
    0.1156,
    0.0046,
    0.0405,
    0.1018,
    0.1262,
    0.0125,
    0.0633,
    0.0463,
    0.0232,
    0.0401,
    0.0545,
    0.0579
  ],
  "Num-Epochs": 20
}