{
  "config": {
    "SEED": 42,
    "batch_size": 128,
    "dataset": "tiny-imagenet-200",
    "dropout_rate": 0.1,
    "epochs": 10,
    "image_res": 64,
    "l2_regularization_strength": 0,
    "lambda_contrastive": 10,
    "learning_rate": 0.00001,
    "model_name": "vit_large_patch16_224",
    "num_classes": 200,
    "use_contrastive": false,
    "use_data_aug": true,
    "use_pretrained_model": true
  },
  "train_accs": [
    0.56075,
    0.74071,
    0.82863,
    0.87649,
    0.91459,
    0.94329,
    0.96221,
    0.97393,
    0.98051,
    0.98532
  ],
  "val_accs": [
    0.5141,
    0.6701,
    0.7237,
    0.736,
    0.7463,
    0.7444,
    0.7443,
    0.7466,
    0.7412,
    0.7502
  ],
  "Num-Epochs": 10
}