{"config": {"SEED": 42, "batch_size": 128, "dataset": "tiny-imagenet-200", "dropout_rate": 0, "epochs": 15, "image_res": 64, "l2_regularization_strength": 0, "lambda_contrastive": 10, "learning_rate": 1e-05, "model_name": "vit", "num_classes": 200, "pretrained_efficient_net": true, "use_contrastive": false}, "train_accs": [0.77154, 0.91111, 0.97674, 0.9962, 0.99935, 0.99963, 0.99977, 0.9719, 0.99542, 0.99792, 0.99891, 0.99745, 0.9945, 0.99691, 0.99763], "val_accs": [0.7004, 0.7455, 0.7523, 0.7545, 0.7583, 0.7614, 0.7612, 0.726, 0.7507, 0.7521, 0.7545, 0.7528, 0.7434, 0.7541, 0.748], "Num-Epochs": 15}