{"config": {"SEED": 42, "batch_size": 128, "dropout_rate": 0, "epochs": 20, "image_res": 64, "l2_regularization_strength": 0, "lambda_contrastive": 10, "learning_rate": 0.01, "model_name": "vit", "num_classes": 200, "pretrained_efficient_net": true, "use_batchNorm": false, "use_contrastive": false}, "train_accs": [0.01165, 0.01415, 0.01471, 0.01882, 0.01876, 0.01592, 0.01751, 0.01634, 0.01688, 0.0148, 0.01824, 0.00586, 0.01191, 0.01318, 0.01477, 0.01482, 0.0163, 0.01461, 0.01626, 0.00784], "val_accs": [0.0107, 0.015, 0.0138, 0.0191, 0.0176, 0.016, 0.0186, 0.018, 0.0189, 0.0141, 0.0192, 0.0061, 0.0113, 0.013, 0.013, 0.015, 0.0146, 0.0154, 0.0158, 0.0072], "Num-Epochs": 20}