{
  "config": {
    "SEED": 42,
    "batch_size": 128,
    "dropout_rate": 0,
    "epochs": 20,
    "image_res": 64,
    "l2_regularization_strength": 0,
    "lambda_contrastive": 10,
    "learning_rate": 0.01,
    "model_name": "restnet152",
    "num_classes": 200,
    "use_batchNorm": false,
    "use_contrastive": false
  },
  "train_accs": [
    0.00977,
    0.03057,
    0.05787,
    0.08474,
    0.11944,
    0.16177,
    0.19698,
    0.2453,
    0.27195,
    0.29894,
    0.31801,
    0.38866,
    0.44317,
    0.47752,
    0.54568,
    0.58352,
    0.62877,
    0.66304,
    0.74812,
    0.74909
  ],
  "val_accs": [
    0.0085,
    0.0287,
    0.0548,
    0.0757,
    0.1118,
    0.1462,
    0.1791,
    0.2156,
    0.2337,
    0.2524,
    0.2465,
    0.2854,
    0.2872,
    0.277,
    0.2854,
    0.2792,
    0.2638,
    0.2427,
    0.2558,
    0.2344
  ],
  "Num-Epochs": 20
}