{
  "config": {
    "SEED": 42,
    "batch_size": 128,
    "dropout_rate": 0,
    "epochs": 20,
    "image_res": 64,
    "l2_regularization_strength": 0,
    "lambda_contrastive": 10,
    "learning_rate": 0.01,
    "model_name": "efficientnet_b0",
    "num_classes": 200,
    "use_batchNorm": false,
    "use_contrastive": false
  },
  "train_accs": [
    0.26392,
    0.32088,
    0.36093,
    0.41501,
    0.42474,
    0.46025,
    0.47706,
    0.50033,
    0.52569,
    0.54776,
    0.56788,
    0.58627,
    0.59186,
    0.62362,
    0.64528,
    0.64975,
    0.66565,
    0.68684,
    0.7118,
    0.72445
  ],
  "val_accs": [
    0.2376,
    0.2834,
    0.3108,
    0.356,
    0.3489,
    0.3706,
    0.3714,
    0.3757,
    0.3831,
    0.3836,
    0.3863,
    0.3893,
    0.3832,
    0.3852,
    0.3908,
    0.3832,
    0.3882,
    0.3808,
    0.3918,
    0.3849
  ],
  "Num-Epochs": 20
}