{"config": {"SEED": 42, "batch_size": 128, "dropout_rate": 0, "epochs": 20, "image_res": 64, "l2_regularization_strength": 0, "lambda_contrastive": 10, "learning_rate": 0.01, "model_name": "efficientnet_b3", "num_classes": 200, "use_batchNorm": false, "use_contrastive": false}, "train_accs": [0.19417, 0.29012, 0.36021, 0.41729, 0.45312, 0.49512, 0.5165, 0.54346, 0.56419, 0.62011, 0.63834, 0.6703, 0.69189, 0.73275, 0.75473, 0.77929, 0.78376, 0.79572, 0.83558, 0.8483], "val_accs": [0.1808, 0.2627, 0.3152, 0.3587, 0.371, 0.3925, 0.4027, 0.4028, 0.4151, 0.4269, 0.422, 0.4247, 0.4185, 0.4269, 0.4245, 0.4232, 0.4201, 0.4086, 0.4168, 0.4195], "Num-Epochs": 20}