{"config": {"SEED": 42, "batch_size": 128, "dataset": "tiny-imagenet-200", "dropout_rate": 0, "epochs": 10, "image_res": 64, "l2_regularization_strength": 0, "lambda_contrastive": 10, "learning_rate": 1e-05, "model_name": "vit_large_patch16_224", "num_classes": 200, "use_contrastive": false, "use_data_aug": false, "use_pretrained_model": true}, "train_accs": [0.58065, 0.81498, 0.9591, 0.99823, 0.99976, 0.9998, 0.99974, 0.9998, 0.97504, 0.9983], "val_accs": [0.5033, 0.6349, 0.6362, 0.6483, 0.6528, 0.6577, 0.6622, 0.662, 0.6436, 0.65], "Num-Epochs": 10}